name,description,keywords,license,n_rows,n_columns,topic,doi,id,n_elements,citation_key
A regional pCO2 climatology of the Baltic Sea,"Based on direct surface pCO2 observation and a model-based extrapolation technique, we established a regional pCO2 climatology of the Baltic Sea. Observations from June 2003 to Dec. 2021 are obtained from the SOCAT version 2022 data collection and largely based on ICOS DE-SOOP Finnmaid data. The extrapolation technique uses model-based patters of variability to create observational data-constrained, gap- and discontinuity-free mapped fields including local error estimates without the need for or dependence on ancillary data (like, e.g., satellite sea surface temperature maps). Details on the pCO2 climatology and the model-based extrapolation technique are found in Bittig et al. (2023). Here we make the corresponding dataset available with monthly climatological pCO2 value as well as a linear pCO2 time trend for the Baltic Sea domain. Both value and trend are provided with their error estimate and are centered on the 15th of each month. Besides, the long-term trend 2003-2021 in pCO2 as well as its error estimate is given.","['Baltic Sea', 'climatology', 'CO2']",Creative Commons Attribution 4.0 International,2,4,Lithosphere,doi:10.1594/PANGAEA.961119,961119,8,bittig2023arpc
Underwater video recordings during mesopelagic trawls in the Northeast Atlantic,"During three cruises in the Mid Atlantic Ridge area in 2016 and 2017, we collected samples of mesopelagic species down to a depth of 600 m. We studied fish behaviour and identified and quantified the species composition of the catches using HD videos (60 frames/s). For species identification and the estimation of the number of siphonophores/m³ we analysed the videos frame by frame using the tool VLC media player.","['mesopelagic fish', 'mesopelagic invertebrates']",Creative Commons Attribution 4.0 International,2,7,Fisheries,doi:10.1594/PANGAEA.931902,931902,14,grimaldo2021uvrd
Involving local communities for effective citizen science: determining game species' reproductive status to assess hunting effects in tropical forests,"These three datasets are related to the analyses conducted in the article ""Involving local communities for effective citizen science: determining game species' reproductive status to assess hunting effects in tropical forests"".

The first dataset (1_Archive_Interviews_Pregnancy_Diagnoses_Final) consists of interviews through which diagnoses of reproductive status of lowland paca (Cuniculus paca) were performed by local people in the Amazon.

The second dataset (2_Archive_Hunting_Registers_Pregnancy_Immatures) consists of all records of pacas hunted voluntarily collected by local people over a 17-years citizen science project in one of the study sites.

The third dataset (3_Archive_Hunting_Registers_CPUE) consists of data on the catch-per-unit-effort of lowland paca hunting events in the same site over 17 years.

Specific explanations of columns' attributes are presented in the sheet ""Explanations"" within each dataset.

The study areas and the coordinates related to the dataset are:

Amanã Sustainable Development Reserve: -64.538 W; -2,492 S
Yavarí-Mirín River:-71,958 W; - 4,357 S
Juruá River: -67,659 W; -5,517 S","['bushmeat', 'Citizen science', 'community-based monitoring', 'game', 'hunting', 'public participation', 'Reproduction', 'sustainability']",Creative Commons Attribution 4.0 International,3,5,Lakes & Rivers,doi:10.1594/PANGAEA.906209,906209,15,elbizri2019ilcf
Raw data from Pure-rotational and Vibro-rotational Raman Lidar signals from MDPI-Sensors 1074075 and retrieved aerosol optical and extiction coefficients,"The data correspond to measurements along a vertical line of sight carried out by the multiwavelength Raman / elastic EARLINET/ACTRIS lidar at Universitat Politècnica de Catalunya (UPC, Barcelona, Spain) on March, 11th 2020 and on March 21th 2020.
sensors-20210202T183221Z-001_Input_files are the raw data files in netCDF format generated by the multiwavelength Raman / elastic EARLINET/ACTRIS lidar at Universitat Politècnica de Catalunya (UPC, Barcelona, Spain) submitted as input to the EARLINET Single Calculus Chain (SCC, https://scc.imaa.cnr.it/) centralized software processing the data and retrieving, among other products, range-resolved aerosol extinction and backscatter coefficients.
sensors-1074075_Output_ files contain the netCDF files containing the aerosol extinction and backscatter coefficients retrieved by the SCC.","['Experiment', 'extinction retrieval', 'pure-rotational lines', 'vibro-rotational lines']",Creative Commons Attribution 4.0 International,2,8,Human Dimensions,doi:10.1594/PANGAEA.931282,931282,16,zentenohernndez2021rdfp
"Ground Temperature Map, 2000-2017, Antarctic","The product provides modeled mean annual ground temperatures (MAGT) at the top of the permafrost for the Antarctic and Antarctic Islands at 1 km spatial resolution. Permafrost probability (fraction values from 0 to 1) is assigned to each grid cell with MAGT < 0°C. The processing extent covers rock outcrops of the Antarctic Mainland and unglaciated parts of Antarctic islands. The mean MAGT was validated with borehole ground temperature data and yielded a RMS of 1.9 °C. Following files are provided in geotiff format: - Mean Annual Ground Temperature (MAGTM) [C°] - MAGT Standard Deviation (MAGTSTD) [C°] - Permafrost Probability Fraction (PERPROB) [Fraction, 0-1].

All files are provided in Antarctic Polar Stereographic projection (EPSG:3031 WGS 84). More Information about the modelling method can be found in the product guide. The map was produced within the project ESA Data User Element GlobPermafrost.","['Antarctic', 'Cryosphere', 'ground temperatures', 'Permafrost']",Creative Commons Attribution 4.0 International,4,5,Cryosphere,doi:10.1594/PANGAEA.902576,902576,20,obu2019gtma
"Streamlined subglacial bedforms across isolated topographic highs in the Puget Lowland, Washington state","These data include shapefiles of streamlined subglacial bedforms, elongate bedforms created at the glacier-bed interface by erosional and depositional processes, characterized by polygons across nine isolated bedrock highs in the deglaciated Puget Lowland of Washington state. These data are based on digital elevation models (DEMs) published by Clallam County, Washington Department of Natural Resources, WA, 2008, Quantum Spatial Inc., 2017, 2019; OCM Partners, 2019a, 2019b. Streamlined subglacial bedforms polygons were identified using two semi-automated tools utilizing Topographic Position Index (TPI) methodology (McKenzie et al., 2022) and contour tree-mapping (Wang et al., 2017) used to calculate slope and elevation variations across any Digital Elevation Model, respectively. Shapefile attribute tables and excel file include streamlined bedform morphologies for all 3,273 bedforms categorized into upstream, on top of, or downstream of the topographic bump based on the direction of ice flow. The morphometric information for all bedforms includes features area, width, length, orientation, elevation and slope ranges, and elongation. The morphological characteristics of these streamlined subglacial bedforms provide information on ice-streaming characteristics and changes across topographic highs in the subglacial environment.","['bedforms', 'Geomorphology', 'Glacial history', 'Ice Sheet', 'subglacial', 'topography']",Creative Commons Attribution 4.0 International,10,2,Ecology,doi:10.1594/PANGAEA.954529,954529,20,mckenzie2023ssba
"Geochemistry of basalt from the Polaris hydrothermal field, Gakkel Ridge","This dataset contains bulk geochemistry of pillow basalt collected at the Polaris hydrothermal field on the ultraslow-spreading Gakkel Ridge, Arctic Ocean. The samples were collected during R/V Polarstern Expedition PS101. Major elemental compositions were obtained via X-ray fluorescence spectrometry on fused glass beads. Details on the analytical procedure and uncertainties can be found in Albers et al. (submitted).","['basalt', 'Gakkel Ridge', 'Geochemistry', 'hydrothermal system']",Creative Commons Attribution 4.0 International,2,17,Geophysics,doi:10.1594/PANGAEA.973602,973602,34,albers2024gobf
Estimated changes in anthropogenic emissions from the Asia-Pacific region from 2010 to 2015,"Estimated changes in anthropogenic emissions over the 2010-2015 period for the Asia-Pacific region. Changes are calculated based on a literature review of economic data and emissions factors as described by Dasadhikari et al (in prep). All changes are calculated relative to the EDGAR 2010 global inventory, as described by Crippa et al (2016, doi:10.5194/acp-16-3825-2016).","['Asia-Pacific', 'EDGAR', 'Emissions']",Creative Commons Attribution 4.0 International,12,4,Ecology,doi:10.1594/PANGAEA.899705,899705,48,dasadhikari2019ecia
"Physicochemical, particulate matter, temperature, and hydrological datasets collected from climate-threatened glacial river headwaters on the eastern slopes of the Canadian Rocky Mountains (2019-2021)","Here we provide a biogeochemical dataset containing 200+ parameters that we collected between 2019-2021 from the headwaters of three rivers (Sunwapta-Athabasca, North Saskatchewan, and Bow) which originate from the glacierized eastern slopes of the Canadian Rocky Mountains. River sampling sites were visited monthly in 2019 and 2020 during the open water season, beginning during snowmelt in late May/early June, through peak glacial melt in July/August, then during the receding flow period in September/October. Additional samples were collected twice in winter (December 2019, January 2021) during base flow, but only at sites where it was safe to do so.
In general, at each river sampling site and time, we deployed a YSI EXO2 multiparameter sonde to obtain instantaneous measures of optical dissolved oxygen (ODO; % saturation and concentration), conductivity, turbidity, pH, and temperature. Sondes were calibrated at each sampling site for ODO, and prior to each sampling campaign for all other parameters. Using clean field sampling protocols, we also collected water samples for the analyses of total suspended solids (TSS); total dissolved solids (TDS); nutrients (total and dissolved phosphorus [TP, TDP] and nitrogen [TN, TDN], stable reactive phosphorus [SRP; 2020 only], ammonium [NH4+], nitrite and nitrate [NO2-+NO3-], and dissolved silica [Si]); major cations (Ca2+, K+, Mg2+, Na+) and anions (Cl-, SO42-); trace elements; water isotopes (δ2H-H2O, δ18O-H2O); particulate carbon (PC) and nitrogen (PN); dissolved inorganic and organic carbon (DIC, DOC); and the contaminants total and filtered mercury (THg, FHg), methyl- and filtered methyl-mercury (MeHg, FMeHg), and polycyclic aromatic hydrocarbons (PAHs; 2019 only).
Integrated snow cores were collected with a stainless-steel corer once in March 2021 at peak snow accumulation. One fresh snow sample was also collected by skimming the surface of the snowpack after a major snowfall event the night prior. Rain samples were collected during a multi-day regional precipitation event in June 2023 by setting out wide-mouthed clean buckets lined with a clean plastic bags in on elevated surfaces in open areas to prevent ground-level splash back. Precipitation was originally collected for water isotope analyses and to estimate the potential influence of winter wet and dry deposition on chemical contributions to the rivers during snowmelt and rainfall. Water chemistry was also determined for a 10.2-meter ice core extracted from Snow Dome, the apex point of the Columbia Icefield, in April 2020 by the Canadian Ice Core Laboratory (CICL; University of Alberta). In January 2022 the CICL further collected surficial snow samples from longitudinal transects of the Athabasca and Saskatchewan glaciers that were subsequently analyzed for water isotopes.
Mean daily river discharge (m³/s) was directly quantified at two of our 14 sampling sites (SR2 and BR3) by hydrometric gauging stations maintained by Water Survey of Canada. To estimate daily discharge at the remaining 12 sampling sites, we used day-specific watershed area-discharge linear regression models derived from mean daily discharge measured at nine Albertan mountain river WSC hydrometric gauging stations.
Given the importance of the headwaters of the Sunwapta-Athabasca, North Saskatchewan, and Bow rivers in establishing the initial dissolved and particulate biogeochemical loads of three major Canadian watersheds, and the projected timing of substantial glacier mass loss that indicates this region is presently on the brink of freshwater resource uncertainty, water quality research in these vulnerable headwaters is especially important. Thus, the purpose of this spatiotemporal dataset was to provide contemporary baseline reference for those investigating river headwaters stemming from the eastern slopes of the Canadian Rocky Mountains in the future, as well as increase our ability to predict the impact of climate change on the water quality of rivers originating in alpine glacierized regions. We also believe the possibilities for data exploration from this dataset are numerous and support further investigations to mine it for new biogeochemical studies.","['biogeochemistry', 'Canadian Rocky Mountains', 'contaminants', 'Discharge', 'glacier ice', 'nutrients', 'precipitation', 'river', 'trace elements', 'water isotopes']",Creative Commons Attribution 4.0 International,8,6,Lakes & Rivers,doi:10.1594/PANGAEA.963863,963863,48,serbu2023ppmt
Whale sightings during POLARSTERN cruise PS87 (ARK-XXVIII/4),"Data on whale distribution and abundance in the polar oceans is rather sparse, as implementing the standard surveying method, line-transect surveys, is challenging and costly. To overcome this problem, we initiated a program to electronically log all opportunistic cetacean sightings during all Polarstern expeditions through the nautical officer on watch. Opportunistic (visual) sightings by naked eye were logged during Polarstern Cruise PS87 (Tromsø - Bremerhaven) by the nautical officer on duty using a customized Software package (WALOG, WhAleLOGger) installed on a touch screen laptop located on the ship's bridge. Species were identified by naked eye or handheld binoculars (7x50) to the lowest possible taxonomical level and assigned a “certainty” level of identification. The number of animals were counted if possible or estimated for larger groups. Whenever identification to species level was not possible, the next identifiable taxonomical category was assigned. Information on sighting position, date and time are automatically transferred from the ship's DAVIS-Ship System (https://dship.awi.de/) to the WALOG software at the time of logging. Photographs were taken if possible for retrospective analysis. All data of acquired sightings were retrospectively validated by a marine biologist and converted to a standard format. To this end, plausibility of sighting time, location, standardization of species names, eventual comments added at the time of sighting, as well as additional information such as photographs (if available) were checked either to verify or improve species identification. Datasets are used in species distribution modelling and to inform interested parties about occurrences.","['Cetacean sightings', 'WALOG']",Creative Commons Attribution 4.0 International,8,7,Ecology,doi:10.1594/PANGAEA.924708,924708,56,burkhardt2020wsdp
"Super-high-resolution aerial imagery, digital surface model and 3D point cloud of Cape Blossom, Alaska (7 cm)","As part of the Perma-X airborne campaign led by the Alfred Wegener Institute in 2021, we collected super-high-resolution multispectral imagery of permafrost landscapes with the Modular Aerial Camera System (MACS), developed by the German Aerospace Center. From these images, we photogrammetrically processed four-band orthophotos (blue, green, red, near-infrared) and digital surface models at a spatial resolution of 7 cm, as well as photogrammetric point clouds in RGB and NIR at 29.12 pts/m² and 10.33 pts/m², respectively. This dataset covers approximately 9.62 km² of Cape Blossom in Alaska, with all images collected on 25 June 2021. This super-high-resolution dataset provides opportunities for generating detailed training datasets of permafrost landform inventories, a baseline for change detection for thermokarst and thermo-erosion processes, and upscaling of field measurements to lower-resolution satellite observations.","['Airborne Data', 'Alaska', 'Arctic Landscape Dynamics', 'Baldwin Peninsula', 'coastal erosion', 'Digital Surface Model', 'MACS', 'Orthoimagery', 'Permafrost', 'point clouds', 'Structure-from-Motion']",Creative Commons Attribution 4.0 International,11,8,Lithosphere,doi:10.1594/PANGAEA.962616,962616,88,rettelbach2024said
Scomber scombrus in the Sylt Rømø bight in 2021,"Due to changing temperature regimes in the North- and the Wadden Sea, a fish survey in the Sylt Rømø bight (SRB) was established in 2007 for at least ten years. The aim is to investigate the Wadden Sea fish fauna with special interest in changes of migration behavior, species composition and feeding habits. Since 2021 an assessment of the epibenthic species in the net hauls was included. Seven stations are sampled monthly inside the SRB. Two additional stations, one outside the bight, one close to the Danish border are sampled as references four times a year. For sampling a mini bottom trawl, total length 17 m, trawl opening 7 m, height 3 m with a mesh size of 36 mm in the wings, 16 mm in the mid part and 6 mm in the cod end is used. At every station one haul in the water column and another at the bottom are sampled, for 15 minutes at a speed of approximately 2 knots. The data will help to give a more detailed picture of food chains and energy flows inside the Wadden Sea.","['fish monitoring', 'Sylt Roads', 'Wadden Sea']",Creative Commons Attribution 4.0 International,6,15,Biological Classification,doi:10.1594/PANGAEA.948933,948933,90,kress2022ssit
"Noah-MP simulated surface energy fluxes and temperature for a generic crop, early covering crops (ECC) and late covering crops (LCC) for Kraichgau region, southwest Germany","The site under study is the agricultural field belonging to the farm ""Katharinentalerhof"". The field is located north of the city of Pforzheim (48.920N, 8.700E). The central research site is a part of the Kraichgau region, southwest Germany.   Simulations were performed for a generic crop, early covering crops (ECC) and late covering crops (LCC). We also considered different ECC-LCC ratios. Additionally, we tested the performance of the Noah-MP on latent heat flux (LE) data measured with the Eddy Covariance (EC) technique. For the simulation with Noah-MP, we used measured GVF and LAI data. The USGS land use dataset was used. The vegetation type index was set to 2 (Dryland cropland and Pasture) and soil type index to 4 (Silt loam). The model was forced with half-hourly weather data (wind speed, wind direction, temperature, humidity, pressure, precipitation, downwelling longwave and shortwave radiation) measured from 2011 to 2012. Simulations were initialized with a spin up period of one year (2011) and run with a time step of 1800 seconds.","['GVF', 'LAI', 'Noah-mp']",Creative Commons Attribution 4.0 International,12,8,Lithosphere,doi:10.1594/PANGAEA.916167,916167,96,bohm2020nsse
Chemical composition of a manganese nodule sample from the MN7601-PLEIADES campaign (R/V Melville),"The authors have selected for analysis a manganese nodule from Station 20 of the PLEIADES Mn7601 campaign. This ""apple"" shaped nodule (6.5x3.0 cm) was laying on a bed of siliceous ooze (see illustrations). Successive thin layers of the nodule were carefully scraped from the surface of the measured area with a sharp surgical blade. All samples reduced to powder were air-dried at 110°C for at least two hours before analysis. The chemical composition of (1) the top 3-5 mm, (2) the bottom 3-5 mm, and (3) the bulk nodule from a section of Mn7601-20-2 adjacent to the portion used for the radiochemical studies was determined by atomic absorption and neutron activation analysis.","['Geochemistry', 'manganese micronodule', 'manganese nodule', 'ocean', 'Sediment']",Creative Commons Attribution 4.0 International,3,34,Lithosphere,doi:10.1594/PANGAEA.959699,959699,102,moore2023ccoa
Chemical analysis of manganese nodules collected from Pacific Ocean floor in conjunction with fission track analysis of uranium,Manganese nodules composition was determined  by atomic absorption spectrophotometry in conjuction with the measurement of uranium concentration using an induced fission track method.,"['Geochemistry', 'manganese micronodule', 'manganese nodule', 'ocean', 'Sediment']",Creative Commons Attribution 4.0 International,7,15,Lithosphere,doi:10.1594/PANGAEA.955790,955790,105,yabuki2023caom
"Total organic carbon and total inorganic carbon content data of sediment core GeoB16310-2 from a coral mound in the Campeche Mound Province, Gulf of Mexico, MARIA S. MERIAN cruise MSM20/4","GeoB16310-2 is a gravity core taken from a coral mound (Ixchel Mound) in the Campeche Mound Province, Gulf of Mexico. Here we measure the TIC/TOC content in wt.% from the mound's sediments at a roughly comparable time interval, using a LECO CS 744 at the Department of Geosciences, University of Bremen, Germany. Thereby, sub-samples were measured for total carbon content before and after treatment with hydrochloric acid (i.e. TOC remains, TIC dissolves). TIC was calculated from the difference between TC and TOC (first and second measurement per sample). This contributes to a multi-step analysis of the core with the aim to calculate the total carbon accumulation (organic and inorganic carbon) within the mound.","['Campeche Bank', 'coral mounds', 'Gravity core', 'Gulf of Mexico', 'inorganic carbon', 'Organic carbon', 'organic carbon content', 'sediment core data', 'TIC', 'TOC']",Creative Commons Attribution 4.0 International,15,8,Biosphere,doi:10.1594/PANGAEA.987056,987056,120,greiffenhagen2026toca
"Physicochemical measurements in the Macapule Lagoon (Gulf of California, Mexico) in 2013-2015","The Macapule Lagoon (25º 21' and 25º 24' N; 108º 30' and 108º 45' W) is part of the San Ignacio-Navachiste-Macapule lagoon system, located in the southern region of the Gulf of California (Fig. 1). In 2000, it has been declared an ""Area of Reserve and Refuge for Migratory Birds and Wildlife – Gulf of California Islands"". This lagoon is very productive due to its location in the Gulf of California (Lluch-Cota et al. 2007). Water temperature, dissolved oxygen, pH, and salinity were measured in situ with an YSI (55-12FT) probe and a portable refractometer (RHS-10ATC). Nutrient (nitrate, ammonium, and phosphate) concentrations were determined in the laboratory during each sampling month using a photometer (YSI, 9500).","['Macapule Lagoon', 'Mexico', 'morpho-physiological indices', 'Sinaloa']",Creative Commons Attribution 4.0 International,12,12,Fisheries,doi:10.1594/PANGAEA.917841,917841,144,apnmolina2020pmit
"Quicklook plots for all data from ROV survey PS122/5_61-35 on 2020-09-08, survey 1",Quicklook plots for all data collected using a remotely operated vehicle (ROV) during the Multidisciplinary drifting Observatory for the Study of Arctic Climate (MOSAiC) expedition between November 2019 and September 2020. The horizontal positions in the plots are only the pre-processed version and are not post-processed as described in the comments of the bibliography or as provided in the collection positioning and telemetry.,"['BEAST', 'MOSAiC expedition', 'Remotely operated vehicle (ROV)', 'Sea ice']",Creative Commons Attribution 4.0 International,22,7,Ecology,doi:10.1594/PANGAEA.953747,953747,154,anhaus2023qpfa
"Luminescence dating of sediment samples from NEP 1 and NEP 3, Nördlingen, southern Germany",We established a luminescence based chronology by dating 7 samples collected from profiles NEP 1 and NEP 3. The methods allows to determine the last sunlight exposure of sediment grains (commonly quartz and feldspar). All measurements were conducted in the luminescence laboratory within the Geo-and Environmental research center in Tübingen. We used a so called pIR150 protocol on polyminerals. The results point to various periods of deposition between approximately 1-8 ka.,"['Eger floodplain', 'Eger River', 'floodplain deposits', 'Geochronology', 'luminescence dating', 'Nördlingen', 'overbank silt-clay deposition', 'Southern Germany']",Creative Commons Attribution 4.0 International,7,22,Lakes & Rivers,doi:10.1594/PANGAEA.973035,973035,154,lauer2025ldos
"Heavy mineral composition of the Lanaittu Sandstone in Eastern Sardinia, Italy","Analyses of Lanaittu Sandstone (middle-upper Campanian, Eastern Sardinia, Italy), recovered from a geognostic well cored in 1989, permit reconstruction of the paleogeography of this area. Heavy mineral associations were analyzed in the 60-250 μm fraction of selected arenites. Samples were crushed and sieved to <4 mm, then disaggregated by etching with 10% hydrochloric acid to remove carbonate and apatite. For gravity separation, tetrabromoethane (density 2.967 g/cm³) was used. The ribbon method was used for quantitative analysis until 200 transparent grains were determined (Gazzi et al., 1973). The transparent heavy mineral assemblage includes rare glaucophane-crossite combined, up to 13% kyanite, and trace amounts of lawsonite, indicating a HP-LT metamorphic source.","['Eastern Sardinia', 'heavy minerals']",Creative Commons Attribution 4.0 International,5,32,Geophysics,doi:10.1594/PANGAEA.995327,995327,160,massari2026hmco
Improved age tie points based on the benthic δ18O records in the upper part of the Kiwada Formation,The improved age tie points based on the benthic δ18O records in the upper part of the Kiwada Formation. The age of Sample A0926-02 was modified from Kuwano et al. (2021).,"['Calcareous nannofossils', 'Kazusa Group', 'Kiwada Formation', 'Kuroshio Current', 'Paleoceanography']",Creative Commons Attribution 4.0 International,19,9,Lakes & Rivers,doi:10.1594/PANGAEA.971414,971414,171,kuwano2024iatp
"Total organic carbon and total inorganic carbon content data of sediment core GeoB16310-3 from a coral mound in the Campeche Mound Province, Gulf of Mexico, MARIA S. MERIAN cruise MSM20/4","GeoB16310-3 is a gravity core taken from a coral mound (Ixchel Mound) in the Campeche Mound Province, Gulf of Mexico. Here we measure the TIC/TOC content in wt.% from the mound's sediments at a roughly comparable time interval, using a LECO CS 744 at the Department of Geosciences, University of Bremen, Germany. Thereby, sub-samples were measured for total carbon content before and after treatment with hydrochloric acid (i.e. TOC remains, TIC dissolves). TIC was calculated from the difference between TC and TOC (first and second measurement per sample). This contributes to a multi-step analysis of the core with the aim to calculate the total carbon accumulation (organic and inorganic carbon) within the mound.","['Campeche Bank', 'cold-water coral reefs', 'coral mounds', 'Gravity core', 'Gulf of Mexico', 'inorganic carbon', 'inorganic carbon content', 'Organic carbon', 'organic carbon content', 'sediment core data', 'TIC', 'TOC']",Creative Commons Attribution 4.0 International,23,8,Biosphere,doi:10.1594/PANGAEA.987068,987068,184,greiffenhagen2026toca
"Size-frequency data of Macoma balthica from Rönnebank, Baltic Sea, in June 2023","In the framework of research on impacts of trawling in the western Baltic Sea (DAM pilot mission MGF Baltic Sea), we investigated the population structure of the benthic key species Macoma balthica by measuring shell length to provide the size-frequency distribution in the marine protected area of Rönnebank in the Southern Baltic Sea from June 2023. We obtained samples using vanVeen grabs inside the marine protected areas and reference areas nearby.","['Baltic Sea', 'bioturbation', 'macrofauna key species']",Creative Commons Attribution 4.0 International,36,6,Biological Classification,doi:10.1594/PANGAEA.995133,995133,216,forster2026sdom
"Total organic carbon and total inorganic carbon content data of sediment core GeoB16320-2 from a drift deposit, Campeche Mound Province, Gulf of Mexico, MARIA S. MERIAN cruise MSM20/4","GeoB16320-2 is a gravity core taken from a sediment drift deposit in proximity to the Campeche Mound Province, Gulf of Mexico at 626 m water depth. The core is used as off-mound core to compare the sedimentary dynamics of the coral mounds (on-mound cores) with the surrounding environment (this core). Here we measure the TIC/TOC content in wt.% from the off-mound sediments at a roughly comparable time interval, using a LECO CS 744 at the Department of Geosciences, University of Bremen, Germany. Thereby, sub-samples were measured for total carbon content before and after treatment with hydrochloric acid (i.e. TOC remains, TIC dissolves). TIC was calculated from the difference between TC and TOC (first and second measurement per sample). This contributes to a multi-step analysis of the core with the aim to calculate the total carbon accumulation (organic and inorganic carbon) of the off-mound environment in the Campeche Mound Province.","['Campeche Bank', 'Gravity core', 'Gulf of Mexico', 'inorganic carbon', 'inorganic carbon content', 'off-mound cores', 'Organic carbon', 'organic carbon content', 'sediment core data', 'sediment drifts', 'TIC', 'TOC']",Creative Commons Attribution 4.0 International,34,8,Oceans,doi:10.1594/PANGAEA.987071,987071,272,greiffenhagen2026toca
Pulsation rate of coral Xenia umbellata in a aquarium experiment,"Pulsations were recorded every 7 days from one colony per tank on three polyps. A pulsation was defined as a full contraction cycle. Counts were taken for 30 seconds in the morning using a tally counter, with water flow pumps off to prevent interference. To minimise bias, the same observer recorded all counts. Pulsation rate (pulsations per minute) was calculated by doubling the count and averaging three replicates per colony. Xenia umbellata originates from the Red Sea.",['Laboratory experiment'],Creative Commons Attribution 4.0 International,60,5,Biological Classification,doi:10.1594/PANGAEA.974800,974800,300,hill2025proc
Algal lipid biomarkers of sediment cores from IODP Hole 370-C0023A,"The dataset includes solid-phase geochemistry data of sediment cores from Site C0023 (Hole A) that was recovered during International Ocean Discovery Program (IODP) Expedition 370 in the Nankai Trough offshore Japan in the Pacific Ocean (Drilling vessel Chikyu). Site C0023 was established on 17 September 2016. Coring terminated on 3 November 2016.

Algal lipid biomarker analysis was performed after Sturt et al. (2004) and HPLC-MS analyses after Becker et al. (2015). Biomarker concentrations are reported as the integrated peak area of the sum of all detected diols normalized to kg extracted sediment (PA/kg).","['Hole A', 'IODP Expedition 370', 'Nankai Trough', 'Site C0023']",Creative Commons Attribution 4.0 International,20,15,Geophysics,doi:10.1594/PANGAEA.930855,930855,300,kster2021albo
"Whole-rock mineralogy of the lower Pliensbachian Santiurde section (Basque-Cantabrian basin, northern Spain)","We present whole rock mineralogy from the lowermost Pliensbachian organic-rich hemipelagic Santiurde section (Basque-Cantabrian basin, north Iberian palaeomargin, Spain). The Santiurde section studied herein is exposed at exit 144 of motorway A67 (UTM X411431.091 Y4769002.593), approximately 50 km south-west of Santander city. The expanded hemiplegic succession offered a potentially valuable orbitally paced stratigraphic record. An integrated multiproxy study was performed in the 19 beds found between 12.4 and 15.95 m of the lower Pliensbachian succession in order to disentangle what sedimentary processes and environmental factors influenced the formation of the hemipelagic rhytmites. Sampling was mainly carried out in 2019. One sample from the central part of each bed was studied for their mineralogical content, their organic geochemistry, and their elemental composition. Whole-rock mineralogy was obtained by analysing randomly oriented rock powder samples by X-ray diffraction (XRD), using a Philips PW1710 diffractometer (Malvern Panalytical, Malvern, UK) at the University of the Basque Country (UPV/EHU).","['Basque-Cantabria basin', 'Calcium Carbonate content', 'colour', 'inorganic geochemistry', 'Organic Geochemistry', 'Pliensbachian', 'whole-rock mineralogy']",Creative Commons Attribution 4.0 International,19,16,Chemistry,doi:10.1594/PANGAEA.967852,967852,304,martnezbraceras2024wmot
"Lead-210 (Pb-210) dating of a sediment core from Lake Tepetiltic (Nayarit, Mexico)",Lead-210 (Pb-210) dating of sediment core LTp22-1 retrieved from Lake Tepetiltic in April 2022.,"['Anthropocene', 'biogeochemistry', 'Carbon accumulation', 'crater lake', 'Lake sediment', 'Mexico', 'Primary production', 'Tropical']",Creative Commons Attribution 4.0 International,25,14,Agriculture,doi:10.1594/PANGAEA.990159,990159,350,rantala2026lpdo
"Boulders and tree trunks (LW) moved during flash flood 2018 in the Sucha Woda Stream, Tatra Mountains","The dataset includes data on boulders and tree trunks (LW) moved and transported during the major flash flood in the Sucha Woda Stream in the Tatra Mountains on 18 July 2018.. The aim of the study was to determine the geomorphological effects of the flood and the impact of flash floods on a gravel-bed mountain stream. The effects of the flood were assessed immediately after the event. At 11 selected sites, the maximum diameter of the 25 largest boulders moved during the flood was measured with a tape measure, to an accuracy 0.5 cm. At the same sites, the number of tree trunks was counted and divided into trunks aligned with or transverse to the course of the stream.  Garmin Oregon 300 and Garmin eTrex 20 GPS were used in the studies.","['channel changes', 'flash floods', 'gravel-bed stream', 'high-mountains', 'Sucha Woda Stream', 'Tatra Mountains']",Creative Commons Attribution 4.0 International,11,33,Agriculture,doi:10.1594/PANGAEA.974037,974037,363,rczkowska2024batt
Age determination of Stordalen 2 peat core from Sweden,14C and 210Pb age determination of a high-resolution peat core from the Past Global Changes - Carbon in Peat on EArth through Time (PAGES_C-PEAT) Project.,"['C-PEAT', 'Peatland']",Creative Commons Attribution 4.0 International,27,14,Lakes & Rivers,doi:10.1594/PANGAEA.934330,934330,378,kokfelt2021ados
Ice core O2 clumped isotope data from the Last Glacial Maximum measured in West Divide ice core WDC06A,Laboratory O2 clumped-isotope data (as D36 values measured at Rice University) for air occluded in ice core WDC06A spanning gas ages of 18000-21000 ky BP for the Last Glacial Maximum (LGM). Modeled atmospheric history for the LGM via outputs of the GISS-E2.1 driven and Data Assimilation (DAv2.0) driven chemical transport model incorporated into a 2-box model of the atmosphere.,"['clumped isotope', 'Ice core', 'Last Glacial Maximum', 'WAIS Divide']",Creative Commons Attribution 4.0 International,32,12,Cryosphere,doi:10.1594/PANGAEA.940249,940249,384,banerjee2022icoc
"Lead-210 (Pb-210) and Cesium-137 (Cs-137) dating of a sediment core from Lake Santa Maria del Oro (Nayarit, Mexico)",Lead-210 (Pb-210) and Cesium-137 (Cs-137) dating of sediment core LSMo22-1 retrieved from Lake Santa Maria del Oro in April 2022.,"['Anthropocene', 'biogeochemistry', 'Carbon accumulation', 'crater lake', 'Lake sediment', 'Mexico', 'Primary production', 'Tropical']",Creative Commons Attribution 4.0 International,29,16,Agriculture,doi:10.1594/PANGAEA.990157,990157,464,rantala2026lpac
Snow density profiles at Neumayer Station II in 2004,"This is a collection of shallow snow density data sets from research station Neumayer II, Neumayer III and the Kottas traverse between Neumayer, Kottas camp and Kohnen station. The original snow density data are available as Excel and txt files and as density-depth profiles in png format. The data were collected between 2001 and 2021. Measurements in 2019, (2020) and 2021 were taken on a monthly basis. Before this period, sampling took place on a rather irregular basis, but often once a year, at Neumayer station in most cases by members of the overwintering team, lead by the overwinterer for the air chemistry observatory (SPUSO). Sampling during the Kottas traverse was carried out by members of the traverse personnel. The sampling devices used were • conventional steal cylinders with a length of about 20 cm and an inner diameter of 6 cm and a wall thickness of 1 mm; the exact measurements were recorded in the protocols. Due to damage by ice layers the cylinders often have to be sharpened again and therefore become shorter over time ( (method listed in sensor.awi.de as awi_snow_sampler_3). • single-tube carbon fibre liners, as described in Schaller et al. (2016) with a length of 1 m and an inner diameter of around 10 cm and a wall thickness of 1 mm (method listed in sensor.awi.de as awi_snow_sampler_2); • dual-tube carbon liner probing system developed by Dallmayr et al. (2020) (method listed in sensor.awi.de as awi_snow_sampler_1). More details about sampling event nomenclature is provided below in the file description. For the steal cylinder sampling method, sample density was determined for individual depth sections, thus providing a stratigraphic density profile. For both liner methods, density was determined as the bulk density, i.e. the average density of the whole snow core sampled with the carbon liner tube. If it was possible to remove the snow core in a mostly intact way from the liner, it was cut into samples in a aluminium tray, as described in Schaller et al. (2016). This also eventually provides a density profile. Sample depth vary, as thick ice layers often inhibit deeper penetration with either method. In some cases, the carbon liner was damaged, resulting in a non-cylindrical form of the snow sample. Such events were noted in the protocols and an attempt made to correct the density accordingly. A description of the density data sets' is provided in the MSc thesis by Cedric Hecht under supervision of Olaf Eisen.","['Dronning Maud Land', 'Neumayer Station', 'snow accumulation', 'snow cores', 'snow density', 'snow pit']",Creative Commons Attribution 4.0 International,53,9,Cryosphere,doi:10.1594/PANGAEA.963353,963353,477,hecht2024sdpa
Porewater geochemistry of sediment core M186_50-1,"The main goal of RV Meteor expedition M186 was to investigate fluid dynamics on the Azores Plateau, Central North Atlantic Ocean. The work is systematic continuation of multiple expeditions (e.g. M113, M141/1 and M162) in the region in the last decade. The first results of M186 confirm a diverse picture of fluid chemistry that was already known from previous cruises. Fluids dynamics and systematics are diverse here, shown by different trends in major elemental composition in short distance.","['Azores Plateau', 'fluid flow', 'pore fluid']",Creative Commons Attribution 4.0 International,18,27,Chemistry,doi:10.1594/PANGAEA.959883,959883,486,schmidt2023pgos
Porewater geochemistry of sediment core M186_54-1,"The main goal of RV Meteor expedition M186 was to investigate fluid dynamics on the Azores Plateau, Central North Atlantic Ocean. The work is systematic continuation of multiple expeditions (e.g. M113, M141/1 and M162) in the region in the last decade. The first results of M186 confirm a diverse picture of fluid chemistry that was already known from previous cruises. Fluids dynamics and systematics are diverse here, shown by different trends in major elemental composition in short distance.","['Azores Plateau', 'fluid flow', 'pore fluid']",Creative Commons Attribution 4.0 International,19,27,Chemistry,doi:10.1594/PANGAEA.959885,959885,513,schmidt2023pgos
Analytical data of a buried and a recent surficial Chernozem in the Bornhöck area in Central Germany,"This dataset contains analytical data of two studied soil profiles, one of a buried (BH-II) and one of a recent surficial Chernozem (BH-rec) in the Bornhöck area in Central Germany (southern Saxony-Anhalt). At BH-II, the Chernozem was buried by the Early Bronze Age burial mound 'Bornhöck' about 3.8 ka. The study area is described in Suchodoletz et al. (2023). During our research we measured grain sizes, organic carbon and carbonate contents, black carbon, soil isotopes, elements and lignin phenols (S/V and C/V). The measurements were performed between 2019 and 2024. The goal of our study was to evaluate regional soil formation and human impact since the Early Bronze.","['black carbon', 'Carbonate', 'elemental analysis', 'Grain Size', 'Lignin phenols', 'Organic carbon', 'soil isotopes']",Creative Commons Attribution 4.0 International,21,25,Agriculture,doi:10.1594/PANGAEA.982395,982395,525,vonsuchodoletz2025adoa
X-ray diffraction results from IODP Hole 386-M0095B,"Results of X-ray diffraction (XRD) analyses from the above given hole of International Ocean Discovery Program (IODP) Expedition 386 (Japan Trench Paleoseismology). The offshore phase of this expedition took place between 2021-04-13 and 2021-06-01 onboard Japanese R/V Kaimei from and to Yokosuka, Japan, followed by an onshore phase onboard D/V Chikyu between 2022-02-14 – 2022-03-15. During the onshore phase a set of solid-phase samples, with a volume of approx. 10 cubic centimeters each, were taken with the purpose to be later on split into aliquots for the following three analyses: X-ray diffraction, carbon and X-ray fluorescence. The bulk solid-phase samples were taken from the work halves of core sections at about one sample per meter on average. Unprocessed samples were then shipped to the MARUM - Center for Marine Environmental Sciences of the University of Bremen (Germany), where they were freeze-dried, ground and homogenized to a fine powder (<20 µm particle size) by ECORD Science Operator staff using a pestle and an agate mortar. The aliquots for XRD analysis were prepared with the Philips backloading system in the Crystallography and Geomaterials Research laboratories of the Geoscience Department at the University of Bremen (Germany). X-ray diffractograms were measured on a Bruker D8 Discover diffractometer. Mineral identification and semi-quantification were done using the Philips software X'Pert HighScore Version 1.2 (Degen et al., 2014, https://doi.org/10.1017/S0885715614000840) and follows concepts of Vogt (2009, https://doi.org/10.2204/iodp.proc.302.203.2009). Minimum relative errors are given based on Vogt et al., 2002 (https://doi.org/10.1346/000986002760833765). Clay Mineral groups are used as sums of multiple minerals. In many samples there is a bulb below 20-25° 2theta pointing to amorphous SiO2, which can be biogenic (e.g. diatoms etc.) or volcanic glass. The bulb size could implicate about 10-20 wt.% of amorphous SiO2. Exact quantification of this component would require more detailed XRD experiments.
For further methodological information see methods chapter in Strasser, M. et al., 2023 https://doi.org/10.14379/iodp.proc.386.102.2023","['International Ocean Discovery Program (IODP)', 'IODP', 'Japan Trench', 'X-ray diffraction (XRD)', 'XRD']",Creative Commons Attribution 4.0 International,14,44,Chemistry,doi:10.1594/PANGAEA.978983,978983,616,strasser2025xdrf
"Baseline bulk sediment composition for sediment core SO268/1_74-1 (MUC-17) during RV SONNE cruise SO268 in the CCZ, Pacific Ocean","This baseline dataset comprises downcore measurements of the bulk sediment composition for a sediment core (MUC) retrieved in the framework of the European collaborative JPI Oceans MiningImpact project onboard R/V SONNE cruise SO268 in 2019. The scientific work during cruise SO268 was part of the second phase of the MiningImpact project (Environmental impacts and risks of deep-sea mining) and is designed to assess the environmental impacts of deep-sea mining of polymetallic nodules in the Clarion-Clipperton Zone (CCZ) in the Pacific Ocean. After performing total acid digestions, the sediments were analyzed using ICP-AES (iCAP 7400, Thermo Scientific) at the Marine Geochemistry Lab, Alfred Wegener Institute, Helmholtz Centre for Polar and Marine Research, Bremerhaven.","['Clarion Clipperton Fracture Zone', 'deep sea mining', 'deep sea sediment', 'Geochemical data']",Creative Commons Attribution 4.0 International,9,70,Paleontology,doi:10.1594/PANGAEA.944039,944039,630,volz2026bbsc
"Baseline bulk sediment composition for sediment core SO268/1_43-1 (MUC-10) during RV SONNE cruise SO268/1 in the CCZ, Pacific Ocean","This baseline dataset comprises downcore measurements of the bulk sediment composition for a sediment core (MUC) retrieved in the framework of the European collaborative JPI Oceans MiningImpact project onboard R/V SONNE cruise SO268 in 2019. The scientific work during cruise SO268 was part of the second phase of the MiningImpact project (Environmental impacts and risks of deep-sea mining) and is designed to assess the environmental impacts of deep-sea mining of polymetallic nodules in the Clarion-Clipperton Zone (CCZ) in the Pacific Ocean.  After performing total acid digestions, the sediments were analyzed using ICP-AES (iCAP 7400, Thermo Scientific) at the Marine Geochemistry Lab, Alfred Wegener Institute, Helmholtz Centre for Polar and Marine Research, Bremerhaven.","['Clarion Clipperton Fracture Zone', 'deep sea mining', 'deep sea sediment', 'Geochemical data']",Creative Commons Attribution 4.0 International,7,105,Paleontology,doi:10.1594/PANGAEA.944025,944025,735,volz2026bbsc
ANT 1997/98 : AWI airborne Radio-Echo Sounding data over western Dronning Maund Land for the EPICA DML ice core site selection and Ekström Isen (EPICA project),"This dataset contains airborne radar data acquired using the AWI EMR system during the Antarctic season of 1997/98. The profiles extend across the western Dronning Maud around the EPICA DML ice core site. The data are available as netCDF files (including waveforms and metadata), KML files of the profile line locations, and quicklook images of the radargrams.","['AWI EMR Radar', 'Dronning Maud Land', 'East Antarctica', 'EDML', 'Ekström', 'Ice core', 'Ice Sheet', 'Ice shelf', 'Polar 2', 'radio-echo sounding']",Creative Commons Attribution 4.0 International,97,8,Ecology,doi:10.1594/PANGAEA.974295,974295,776,miller2025aaar
"Beach profile data for the Elwha River Delta, 2012-02-03","Data were collected using GNSS survey methods, with a differential GPS operating in Real Time Kinematic (RTK) mode. Data from prior to 2013 were typically collected with a Magellan ProMark 3 traditional RKT-DGPS system (i.e. local base station and rover), with the base station sited on survey control markers installed in 1996, with survey control coordinates referenced to NAD83(CORS91). Starting in 2013 survey data were typically collected with an AshTech ProMark 200 RTK-DGPS system connected to the Washington State Reference Network. Survey data collected between January and November 2013 are referenced to NAD83(CORS96), and after November 2013 to NAD83(2011). 
Vertical data for surveys in 2012 and 2013 are referenced to NAVD88, presumably using Geoid96 (the survey control documentation does not specific a geoid). For all subsequent surveys the vertical data are referenced to NAVD88(Geoid09). No conversion were applied to these data to account for variations in horizontal or vertical coordinate system adjustments through time, but an error analysis suggests a standard deviation for the elevation data of between 0.03 and 0.05 m across the entire sampling period (2011-2018). 
All survey data were collected with the GNSS system mounted on a 2.05 m rover pole, held level as a transect line was traced in a cross-shore orientation on the beach. 
The associated text files include the horizontal (HRMS) and vertical (VRMS) root-mean-square errors estimated by the GNSS system, as well as the RTK-DGPS status reported by the GNSS system at the time each point was collected. Times are referenced to local Pacific time (either PST or PDT).","['Beach Nourishment', 'Elwha', 'Shoreline Change']",Creative Commons Attribution 4.0 International,106,9,Land Surface,doi:10.1594/PANGAEA.901510,901510,954,miller2019bpdf
Monthly interpolated geochemical data from modern Tahiti coral TIAREI-3B,"Here we present monthly resolved geochemical proxy data (Sr/Ca, Mg/Ca, δ18O, δ13C) extracted along the growth axes of Porites modern corals ecovered at Tahiti that grew between 1996 and 2008 and serve as a modern-day benchmark.","['Coral', 'd13C', 'd18O', 'IODP', 'Sr/Ca']",Creative Commons Attribution 4.0 International,91,11,Biological Classification,doi:10.1594/PANGAEA.965137,965137,1001,knebel2024migd
Monthly interpolated geochemical data from modern Tahiti coral TIAREI-A1,"Here we present monthly resolved geochemical proxy data (Sr/Ca, Mg/Ca, δ18O, δ13C) extracted along the growth axes of Porites modern corals ecovered at Tahiti that grew between 1996 and 2008 and serve as a modern-day benchmark.","['Coral', 'd13C', 'd18O', 'IODP', 'Sr/Ca']",Creative Commons Attribution 4.0 International,96,11,Biological Classification,doi:10.1594/PANGAEA.965135,965135,1056,knebel2024migd
"X-ray fluorescence core scanning (XRF-CS) data of a sediment core from Lake Tepetiltic (Nayarit, Mexico)",X-ray fluorescence core scanning (XRF-CS) data of sediment core LTp22-1 retrieved from Lake Tepetiltic in April 2022. Scans were performed with a 5 mm step size and 30 seconds dwell time. The elemental data were transformed using the centered log-ratio (clr) method and thereafter min-max normalized. The analysis yielded the ratio of Compton (incoherent) to Rayleigh (coherent) scattering (Inc/coh) that can be used as an indicator of sediment organic matter content. The measurements extend back to the late 1800s. Ages were estimated using Pb-210 dating and Bayesian age-depth modeling.,"['Anthropocene', 'biogeochemistry', 'Carbon accumulation', 'crater lake', 'Lake sediment', 'Mexico', 'Primary production', 'Tropical']",Creative Commons Attribution 4.0 International,41,26,Agriculture,doi:10.1594/PANGAEA.990164,990164,1066,rantala2026xfcs
Phosphorus concentration and air temperature measurements from Lake Constance as accompanying data to  diatoms counts from sediment cores BO10/79 and BO10/81,"This data provides accompanying data to sediment core diatom counts from Lake Constance. Phosphorus concentrations were sampled / estimated since 1952 in the center of the lake (station Fischbach--Uttwil) and provided by the Institut für Seenforschung, Langenargen, Germany. Regular year-round measurements are available since 1967. Phosphorus concentrations are given as total phosphorus concentrations during winter mixis in the whole water column (0-250 m) and summer (July, August, September) average concentrations in the upper 20 m of the water column for each study year. Annual average air temperatures (site: Bregenz) were downloaded from the HISTALP web site (https://www.zamg.ac.at/histalp/), and are provided as additional metadata.","['diatoms', 'eutrophication', 'global warming', 'oligotrophication', 'recovery']",Creative Commons Attribution 4.0 International,104,11,Oceans,doi:10.1594/PANGAEA.958774,958774,1144,milan2024pcaa
"Seawater carbonate chemistry and shell microstructure, mechanical properties of an edible estuarine oyster","Ocean acidification (OA) is well-known for impairing marine calcification; however, the end response of several essential species to this perturbation remains unknown. Decreased pH and saturation levels (Omega) of minerals under OA is projected to alter shell crystallography and thus to reduce shell mechanical properties. This study examined this hypothesis using a commercially important estuarine oyster Magallana hongkongensis. Although shell damage occurred on the outmost prismatic layer and the undying myostracum at decreased pH 7.6 and 7.3, the major foliated layer was relatively unharmed. Oysters maintained their shell hardness and stiffness through altered crystal unit orientation under pH 7.6 conditions. However, under the undersaturated conditions (Omega Cal ~ 0.8) at pH 7.3, the realigned crystal units in foliated layer ultimately resulted in less stiff shells which indicated although estuarine oysters are mechanically resistant to unfavorable calcification conditions, extremely low pH condition is still a threat to this essential species.","['Animalia', 'Benthic animals', 'Benthos', 'Bottles or small containers/Aquaria (<20 L)', 'Brackish waters', 'Growth/Morphology', 'Laboratory experiment', 'Magallana hongkongensis', 'Mollusca', 'North Pacific', 'Ocean acidification', 'Other studied parameter or process', 'Single species', 'Tropical']",Creative Commons Attribution 4.0 International,27,43,Biosphere,doi:10.1594/PANGAEA.908459,908459,1161,meng2019scca
Concentrations of diatoms and percentages of main ecological groups and species from sediment core AMK-6150 (Norwegian Sea),The data set contains micropaleontological data from core AMK-6150 (Norwegian Sea) that covers the last 2900 years. The data include concentrations of diatoms and percentages of main ecological groups and species from core AMK-6150 in relation with core depth and age.,"['Diatoms', 'Holocene', 'Nordic Seas']",Creative Commons Attribution 4.0 International,31,41,Paleontology,doi:10.1594/PANGAEA.988976,988976,1271,klyuvitkina2026coda
Seawater carbonate chemistry and respiration rate of pteropod Limacina helicina,"The pteropod Limacina helicina has become an important bioindicator species for the negative impacts of ocean acidification (OA) on marine ecosystems. However, pteropods diversified during earlier high CO2 periods in Earth history and currently inhabit regions that are naturally corrosive to their shells, suggesting that they possess mechanisms to survive unfavourable conditions. Recent work, which is still under considerable debate, has proposed that the periostracum, a thin organic coating on the outer shell, protects pteropods from shell dissolution. Here, we provide direct evidence that shows that damage to the L. helicina periostracum results in dissolution of the underlying shell when exposed to corrosive water for ∼8 d, while an intact periostracum protects the shell from dissolution under the same conditions. This important first line of defence suggests that pteropods are more resistant to OA-induced shell dissolution than is generally accepted.","['Animalia', 'Bottles or small containers/Aquaria (<20 L)', 'Coast and continental shelf', 'Laboratory experiment', 'Limacina helicina', 'Mollusca', 'Mortality/Survival', 'North Pacific', 'Ocean acidification', 'Pelagos', 'Respiration', 'Single species', 'Temperate', 'Zooplankton']",Creative Commons Attribution 4.0 International,20,64,Fisheries,doi:10.1594/PANGAEA.960522,960522,1280,miller2023scca
"Stable water isotopes (δ18O, δD, d-excess) in the surface water of the Mackenzie Delta Region during 4 expeditions from spring to fall in 2019","Water samples for stable isotopes were collected untreated in 10 mL HDPE vials, sealed tightly, stored in the dark at 4°C. Measurements were conducted at the laboratory facility for stable isotopes at AWI Potsdam using a Finnigan MAT Delta-S mass spectrometer equipped with equilibration units for the online determination of hydrogen and oxygen isotopic composition. The data is given as δD and δ18O values, which is the per mille difference to standard V-SMOW. The deuterium excess (d-excess) is calculated by: d-excess=δD-8.*δ18O. The measurement accuracy for hydrogen and oxygen isotopes was better than ±0.8%¸ and ±0.1%, respectively (Meyer et al., 2000; doi:10.1080/10256010008032939).","['biogeochemistry', 'Biooptics', 'Coastal waters', 'hydrographic data', 'Mackenzie']",Creative Commons Attribution 4.0 International,146,10,Human Dimensions,doi:10.1594/PANGAEA.937579,937579,1460,juhls2021swio
Inorganic ions in size-resolved aerosol particles sampled from the Arctic in 2017,"Size-resolved atmospheric particles were collected in the Arctic during the PS 106 campaign (2017). For the collection of the aerosol particles, a five-stage low-pressure BERNER impactor was used. The size of the particles ranged between 50 nm and 10 µm. Sampling was conducted on board the German research vessel Polarstern. These aerosol particle samples were characterized on the inorganic ions (sodium, potassium, magnesium, chloride, sulfate and more). Sampling altitude: ca. 25 m above sea level.","['Arctic', 'Berner impactor', 'inorganic ions', 'Polarstern', 'size-resolved aerosol particles']",Creative Commons Attribution 4.0 International,75,24,Chemistry,doi:10.1594/PANGAEA.932569,932569,1800,zeppenfeld2021iiis
Cluster groups and sea surface temperature reconstruction of IODP Site 383-U1539,"This dataset contains planktonic foraminifera assemblage groups defined by cluster analysis, alongside sea surface temperature (SST) reconstructions generated with the Modern Analogue Technique (MAT). The record spans 0.5 to 1.3 Ma, covering intervals before, during, and after the Middle Pleistocene Transition (MPT). Sediments were recovered by drilling during IODP Expedition 383 at Site U1539, located in the South Pacific sector of the Southern Ocean. Samples were washed through a 63 µm sieve, dried at approximately 50°C for 24 hours, and subsequently sieved through a 250 µm mesh. Species-level identification was performed using a stereomicroscope. Counts of each species were converted into relative abundances (%), which were then used as input for cluster analysis performed in PAST Software (version 4.14) applying the unweighted pair group method with arithmetic mean (UPGMA) algorithm and the Bray–Curtis similarity index. The dataset includes the sample code, depth in meters CSF-A (core depth below seafloor, method A), interpolated age in million years (Ma), MAT-derived SST estimates (°C) with corresponding weighted standard deviations, and the cluster group assigned to each sample following the classification proposed by de Castro et al. (2025; doi:10.1016/j.marmicro.2025.102501). These data were used as proxies to reconstruct and characterize paleoceanographic changes in the central South Pacific between 0.5 and 1.3 Ma, encompassing the MPT. MAT analysis, which was performed following the previous description by Hutson (1980; doi:10.1126/science.207.4426.64) and Kucera et al. (2005; doi:10.1016/j.quascirev.2004.07.014).","['IODP', 'IODP 383', 'mid-Pleistocene transition', 'Modern Analogue Technique (MAT)', 'Oceanic fronts', 'Planktonic foraminifera assemblage', 'Southern Ocean', 'South Pacific']",Creative Commons Attribution 4.0 International,150,12,Paleontology,doi:10.1594/PANGAEA.984573,984573,1800,decastro2025cgas
Environmental radioactivity of cryoconite collected at the Flade Isblink ice cap (NE Greenland),"This database is about the environmental radioactivity analyzed in cryoconite samples collected on the surface of the Flade Isblink ice cap, in NE Greenland.
46 samples of cryoconite were collected on 2nd and 3rd of August 2022 on the surface of the glacier. Moreover, 2 samples from riverine sediments were collected as well in the surrounding of the glacier, one from a glacial river, one from a non glacial river. The environmental radioactivity was measured through gamma and alpha spectrometry, and atomic mass spectrometry. This allowed to measure a number of radionuclides, including artificial and natural species. For plutonium isotopes it was also possible to analyze the atomic mass ratio between isotopes 239 and 240. Also Loss of Ignition and carbonate content were measured. Collection took place in an area of the glacier with a surface of about 0.25 km², in the northern part of Flade Isblink. Cryoconite was collected for investigating the occurrence and distribution of environmental radioactivity in the High Arctic region, where similar studies are extremely scarce.","['cryoconite', 'Cryoconite holes', 'Glacier', 'Radioactivity', 'Radionuclides']",Creative Commons Attribution 4.0 International,48,38,Human Dimensions,doi:10.1594/PANGAEA.966669,966669,1824,beard2024eroc
"Beach profile data for the Elwha River Delta, 2011-03-20","Data were collected using GNSS survey methods, with a differential GPS operating in Real Time Kinematic (RTK) mode. Data from prior to 2013 were typically collected with a Magellan ProMark 3 traditional RKT-DGPS system (i.e. local base station and rover), with the base station sited on survey control markers installed in 1996, with survey control coordinates referenced to NAD83(CORS91). Starting in 2013 survey data were typically collected with an AshTech ProMark 200 RTK-DGPS system connected to the Washington State Reference Network. Survey data collected between January and November 2013 are referenced to NAD83(CORS96), and after November 2013 to NAD83(2011). 
Vertical data for surveys in 2012 and 2013 are referenced to NAVD88, presumably using Geoid96 (the survey control documentation does not specific a geoid). For all subsequent surveys the vertical data are referenced to NAVD88(Geoid09). No conversion were applied to these data to account for variations in horizontal or vertical coordinate system adjustments through time, but an error analysis suggests a standard deviation for the elevation data of between 0.03 and 0.05 m across the entire sampling period (2011-2018). 
All survey data were collected with the GNSS system mounted on a 2.05 m rover pole, held level as a transect line was traced in a cross-shore orientation on the beach. 
The associated text files include the horizontal (HRMS) and vertical (VRMS) root-mean-square errors estimated by the GNSS system, as well as the RTK-DGPS status reported by the GNSS system at the time each point was collected. Times are referenced to local Pacific time (either PST or PDT).","['Beach Nourishment', 'Elwha', 'Shoreline Change']",Creative Commons Attribution 4.0 International,211,9,Land Surface,doi:10.1594/PANGAEA.901488,901488,1899,miller2019bpdf
Stable carbon and oxygen isotopes of benthic Uvigerina spp. in core M78/1_181-3,"The Mississippi River discharge effectively shaped the dynamics of the Loop Current in the Gulf of Mexico during transient climates and interglacials, and reacted in response to changes in sea level and atmospheric circulation. We here provide proxydata records from piston core M78/1-181-3 PC. The ~12 m-long core was recovered from the Mississippi Alabama shelf very close to and southeast of the recent Mississippi delta (29°00.00'N 88°20.00'W) from 804 m water depth during R/V Meteor Cruise M78/1 in 2009 (doi:10.2312/cr_m78_1). The proxyrecords cover the last ~42 kyrs at centennial resolution. Stable oxygen (δ18O, ‰ VPDB) and carbon isotope analyses (δ13C; ‰ VPDB) were performed on the benthic foraminiferal species Uvigerina spp. Sampling and analytical studies were carried out from 3 cm to ~1220 cm core depth at ~5 cm spatial resolution. The stable isotope analyses were run on a Thermo Scientific MAT 253 mass spectrometer with an automated Kiel IV Carbonate Preparation Device at GEOMAR. The isotope data provide stratigraphical and intermediate water information.","['Gulf of Mexico', 'Mississippi discharge', 'Stable isotopes']",Creative Commons Attribution 4.0 International,219,9,Land Surface,doi:10.1594/PANGAEA.975181,975181,1971,nrnberg2025scao
"Information on polar cod (Boreogadus saida) from the central Arctic Ocean, used for stomach content analysis","This file contains data on polar cod (Boreogadus saida) used for stomach content analysis. The individuals caught from underneath the sea ice of the central Arctic Ocean during spring and summer. The fish were collected during Polarstern expeditions PS80 (2012), PS92 (2015), PS106.2 (2017) and PS122 (2019/2020). The data was collected to gain knowledge on the diet of polar cod and the ice-associated food web of the central Arctic. Fish parameters, such as length and weight, were recorded for 86 individuals. In addition, the condition index of the fish was calculated. The stomach and stomach contents were also weighed and the degree of digestion of the contents were estimated.","['Boreogadus saida', 'Central Arctic Ocean', 'microscopy', 'PS106.2', 'PS122', 'PS80', 'PS92', 'Stomach contents']",Creative Commons Attribution 4.0 International,86,23,Fisheries,doi:10.1594/PANGAEA.956208,956208,1978,schaafsma2024iopc
Data on spawning energetics and otolith microchemistry in female Ethmalosa fimbriata sampled in Senegal (Atlantic coast and Sine Saloum estuary),"In marine fish, stock complexity confers resilience to environmental variability and exploitation. Accurate stock identification is, therefore, a prerequisite to decipher the factors responsible for recruitment variation. We concatenated energetic reproductive investment with otolith microchemistry in order to delineate between stock spawning components in bonga shad Ethmalosa fimbriata in Senegal.

Satellite-derived (Moderate-resolution Imaging Spectroradiometer – MODIS Aqua, level 2, 0.1 degrees) sea surface temperatures were assessed at Joal (15 km radius) and Djifer once per sampling week. As no remote sensing data for inland waters are available, the Saloum River's surface water temperatures were recorded in situ once per sampling week with a digital thermometer (ama-digit ad 15 th; precision 0.4%; accuracy 0.4%). At Djifer and Foundiougne, salinity was determined once per sampling week according to the Practical Salinity Scale (PSS-78) with a handheld refractometer (Aqua Medic; precision 0.7%, accuracy 0.2%) using in situ water samples. For Joal, monthly means in MODIS satellite-derived (Aquarius, level 3, 0.5 degrees) sea surface salinities were used.

Monthly sampling was conducted at the Senegalese southern coast (SSC) and inside the Saloum River from February to October 2014, during Ethmalosa fimbriata's extended spawning season. Three environmentally contrasted study sites were chosen: Joal (SSC, 14°9.1' N; 16°51.7' W), Djifer (Saloum River's mouth, 13°57.8' N; 16°44.8' W), and Foundiougne (Saloum River's middle reaches, 14°8.1' N; 16°28.1' W). Fish were caught with gill nets (32 - 36 mm mesh size) by local fishermen and immediately stored on crushed ice after landing. Approx. 1000 fish per sampling site and month were examined randomly in order to find stage V females, i.e. mature individuals with ovaries containing fully hydrated oocytes. Sagittal otoliths were extracted, rinsed with ethanol (70%), and stored dry in Eppendorf caps. Females that spawned recently or lost part of their egg batch during handling were rejected. 

Total wet mass (WM±0.01 g) and total length (LT, nearest mm) were obtained from individual stage V females. Ovaries were dissected, and oocytes were extracted out of one ovary lobe, rinsed with deionized water, and counted under a stereomicroscope. Around 80 hydrated oocytes per fish (ca. 70 for lipid analysis, ca. 10 for protein analysis) were transferred to a pre-weighed tin cap, stored in cryovials, and deep-frozen in liquid nitrogen. Dissected ovaries were transferred to a 4% borax buffered formaldehyde and freshwater liquid for fecundity analysis. Absolute batch fecundity (ABF) was estimated gravimetrically using the hydrated oocyte method for indeterminate spawners. The female's relative batch fecundity (RBF) was calculated by dividing ABF with the ovary free body weight (OFBM). The gonado-somatic index (GSI) of female spawners was calculated by dividing the ovary weight (OM, ±0.0001 g) by the ovary-free body weight (OFBM, ±0.1 g): GSI=OM ×[OFBM]^(-1)  × 100. In order to access the nutritional status of female fish, a condition index (CI) was calculated for each individual using WM, LT, and b of the length-weight relationship: CI = WM x LT ^ -3.62 x 1000.

Oocytes in tin caps were freeze-dried (24 h) and weighed again to ascertain their dry mass (ODM±0.1 µg). The following equation was employed to calculate oocyte volumes (OV, mm3): OV =4/3  π(d_2/2)^2. Oocyte lipid content was determined by gas chromatography flame ionization detection (GC-FID). Three random samples were processed via GC mass spectrometry to ensure that all lipid classes were detected by the GC-FID. The total lipid content was assessed via summation of all individual lipid classes. For protein analyses, counted oocytes in tin caps were dried at 40°C for >24 h and weighted again for dry weight determination. Total organic carbon (C) and nitrogen (N) content was measured using a EuroVector EuroEA3000 Elemental Analyzer. From the total amount of N in the sample, the protein content was calculated according to Kjeldahl (Bradstreet, 1954), using a nitrogen-protein conversion factor of 6.25. 

The oocyte gross energy content (J) was calculated on the basis of measured protein and lipid content, which were multiplied by corresponding energy values from literature: The amount of proteins per given oocyte (P, mg) was multiplied by a factor of 23.66 J mg-1 and subsequently added to the total amount of lipids per oocyte (L, mg) multiplied by 39.57 J mg-1 (Henken et al. 1986). Dividing the oocyte's energy content by the oocyte's dry weight allowed for calculation of the oocyte's calorific value (J mg-1). Further, the oocyte energy content of each individual E. fimbriata female was multiplied by its respective relative batch fecundity (RBF) to obtain a standardized estimate of the total amount of energy invested into a single spawning batch per unit body mass (SBEC, J g-1 OFBM): SBEC = [(P × 23.66 J [mg]^(-1) )+(L × 39.57 J [mg]^(-1) )]× RBF.

Dried sagittal otoliths were embedded in epoxy resin (Araldite 2020; Huntsman, USA) on glass slides. They were ground from the proximal side down to the nucleus using an MPS2 surface-grinding machine (GN, Nürnberg, Germany) and polished with a diamond-grinding wheel (grain size 15 µm). Concentrations of eight elements (Magnesium, Manganese, Copper, Zinc (Zn), Strontium (Sr), Yttrium, Barium (Ba), and Lead) were determined along transects of up to 2300 μm length along the rostrum's anterior edge on the otolith's proximal side. Analyses were carried out by Laser Ablation Inductively Coupled Plasma Mass Spectrometry (LA-ICP-MS) using a NewWave UP193 solid-state laser coupled to a Thermo-Finnigan Element2 ICP-MS. The employed analytical procedure used a pulse rate of 10 Hz, an irradiance of ca. 1 GW cm−2, a spot size of 75 μm, and a traverse speed of 3 μm s−1. For external calibration the glass reference material NIST610 was analysed after every second ablation path, using reference values of Jochum et al. (2011). Data quality was validated by analysing a pressed pellet of NIES22 otolith with a calcium concentration of 38.8 wt. %, as well as through regular analyses of BCR-2G and BHVO-2G standard glasses. Precision was < 2% and the accuracy was < 13% for Zn. Recovery percentages were 100%, 101%, and 114% for Ba, Sr, and Zn, respectively. To account for the substitution of Calcium (Ca) by the divalent elements Ba, Sr, and Zn all element concentrations are given as element:Ca ratios. Mean otolith Ba:Ca, Sr:Ca, and Zn:Ca values throughout the entire female's lifetime are given in this dataset.","['calorific value', 'Clupeidae', 'inverse estuary', 'oocyte', 'reproductive investment', 'Senegal', 'spawning components', 'stock discrimination']",Creative Commons Attribution 4.0 International,101,20,Fisheries,doi:10.1594/PANGAEA.897882,897882,2020,dring2019dose
"Elemental and isotopic data from from ODP Hole 112-680A, Peruvian Margin","The data are from sediments collected during ODP Expedition 112, borehole 680A, at the Peruvian Margin. The dataset includes concentrations of Al (mg/g), Fe (mg/g), Mn (mg/g), P (mg/g), K (mg/g), Ca (mg/g), Na (mg/g), Mo (µg/g), U (µg/g), N (%), S (%), TOC (%), TC (%), Fe extracted by sodium acetate (%), Fe extracted by sodium dithionite (%), Fe in magnetite (%), Fe in pyrite, δ¹⁵N (‰), δ¹³C (‰) in the organic fraction of sediments, and δ⁹⁸Mo (‰) from 45 different samples. The aim of collecting these data was to investigate how oxygen levels at the seafloor and in the water column fluctuated from the Pliocene to the Pleistocene.","['Anoxia', 'Isotope composition', 'Paleooceanography', 'Sediment']",Creative Commons Attribution 4.0 International,45,46,Paleontology,doi:10.1594/PANGAEA.973695,973695,2070,fragaferreira2024eaid
Fluorescent dissolved organic matter (FDOM) intensity (Parafac components and FDOM indices) in the surface water of the Mackenzie Delta Region during 4 expeditions from spring to fall in 2019,"Fluorescent dissolved organic matter intensity was measured with an Aqualog®. Measurements were corrected for inner-filter effects and for the Raman and Rayleigh scattering (Murphy et al., 2013; doi:10.1039/C3AY41160E). The different fluorescent components of DOM were isolated from combined signal by PARAFAC modeling using the “drEEM Toolbox” and following the recommendation of Murphy et al. (2013; doi:10.1039/C3AY41160E). The DOM components derived from PARAFAC modeling were compared with PARAFAC components from other studies through the OpenFluor database (Murphy et al., 2014; doi:10.1039/C3AY41935E). The coble-peaks indicate major fluorescent components (Coble 1996; doi:10.1016/0304-4203(95)00062-3) in marine FDOM EEMs (Excitation-Emission-Matrix). Peaks T represents protein-like compounds (tyrosine and tryptophane), peaks A and C are indicators of humic-like components whereas peak M was associated to marine humic-like fluorescence. The fluorescence index (FI) is calculated as the ratio of fluorescence at emission 450 nm and 500 nm, at fixed excitation of 370 nm. The HIX index is the ratio of the areas of two spectral wavelength regions in the emission spectra for an excitation at 254 nm and it is obtained as: HIX = H∕L, where H is the area between 435 and 480 nm in the emission spectra and L is the area in the emission spectra between 300 and 345 nm (Zsolnay et al., 1999; doi:10.1016/S0045-6535(98)00166-0). The BIX index is obtained by calculating the ratio of the emission at 380 and 430 nm, excited at 310 nm: BIX = IEm380∕IEm430 (Huguet et al., 2009; doi:10.1016/j.orggeochem.2009.03.002).","['biogeochemistry', 'Biooptics', 'Coastal waters', 'hydrographic data', 'Mackenzie']",Creative Commons Attribution 4.0 International,146,17,Human Dimensions,doi:10.1594/PANGAEA.937582,937582,2482,matsuoka2021fdom
Sediment elemental and stable isotopic composition of sediment cores from the northern Barents Sea,"Sediment cores (40 cm long, 10 cm diameter) were retrieved at nine stations (NPAL04 to NPAL19) with a four-tube multi-corer. Additionally, one short sediment core (6 cm length x 5 cm diameter) was subsampled from a giant box corer deployment at station P1. All sediment cores were immediately sliced into 1 cm layers, and subsamples were directly frozen on board ( 20 °C). Sediment elemental (C, N) and stable isotopic composition (δ13C, δ15N) of these radiometrically dated cores were investigated, along with grain size, at all ten sampled stations. Carbon and nitrogen analysis was undertaken with an Elemental Analyser Isotope Ratio Mass Spectrometry (EA-IRMS; Iso-Analytical Ltd., UK), whereas grain size distribution of non-acidified samples was assessed with a Beckman Coulter LS 13 320 Particle Size Analyser. The isotope ratios analytical error was determined by calculating the standard deviation of repeated measurements of reference standards (≤0.07 ‰ for δ13C and ≤0.15 ‰ for δ15N).","['Arctic', 'Barents Sea', 'Nansen Basin']",Creative Commons Attribution 4.0 International,140,19,Oceans,doi:10.1594/PANGAEA.986963,986963,2660,ricardodefreitas2025seas
"Morphophysiological status of the yellow snapper Lutjanus argentiventris (Peters, 1869) in the Macapule Lagoon (Gulf of California, Mexico) in 2013-2015","In December 2013, June and December 2014, and July 2015, a total of 123 specimens of L. argentiventris were captured in the Macapule Lagoon with gillnets of 50 mm mesh size. The total length and weight of each specimen were recorded. The liver, stomach, and gutted weight were weighed to the nearest gram (g) and the data used to calculate the following morpho-physiological indices: 1) the Fulton's condition factor (CF) using the equation: CF = W~t~/L~t~3 * 100, where W~t~ = total weight and L~t~ = total length; 2) the hepatosomatic index (HSI) using the equation: HSI = W~h~/W~t~*100, where W~h~ = liver weight and W~t~ = total weight of the individual; and 3) the gastric repletion index (GRI) using the equation GRI = W~s~/W~t~ *100, where W~s~ = stomach weight and W~t~ = total weight. Parameters of the length-weight relationship of L. argentiventris were estimated using the equation: W = aL^b^, where W = weight of the fish (g), L = total length (cm), a = y-intercept or the initial growth coefficient, b = slope or the growth coefficient. Blood samples of 1±0.1 mL were extracted (only of fish larger than 10 cm total length) by caudal puncture with a disposable plastic syringe containing 0.5 mL of heparinized solution (Sigma-Aldrich). The blood samples were centrifuged at 9,500 g at 4ºC during 10 minutes to separate the blood cells from the plasma. Total protein concentrations were determined following Bradford's method (1976), which is based on the reaction of the amino groups with the dye Coomassie Blue G-250. Triglycerides, glucose, and cholesterol concentrations were determined with colorimetric commercial kits Randox, U.K (Apún-Molina et al., 2015);. Absorbance was determined with a microplate reader (Multiskan Go, Thermo Scientific UV, United States) and concentrations were calculated from a standard solution of substrates.","['blood biochemical', 'Lutjanus argentiventris', 'Macapule Lagoon', 'Mexico', 'morpho-physiological indices', 'Sinaloa']",Creative Commons Attribution 4.0 International,123,22,Biosphere,doi:10.1594/PANGAEA.917831,917831,2706,apnmolina2020msot
Raw physical properties measured on sediment core GeoB19936-1,"Sound knowledge about the petrophysical characteristics of a sediment core is a prerequisite for any subsequent paleoenvironmental study relying on sediment proxies. Physical properties of whole-round sediment cores are acquired as a first step of sediment core description, prior to slicing of sediment cores into two halves. Here, we present raw physical-properties data of core GeoB19936-1 acquired with a Geotek MSCL-S system on the unsplit core, retrieved during RV Maria S. Merian expedition MSM44 to West Greenland/Baffin Bay in summer 2015.","['Geotek', 'MSCL', 'Petrophysics', 'Physical properties', 'Sediment physics']",Creative Commons Attribution 4.0 International,249,12,Oceans,doi:10.1594/PANGAEA.973907,973907,2988,gebhardt2025rppm
"Satellite Color Images, Vegetation Indices, and Metabolism Indices from Uelzen, Germany from 1984 – 2023","The ""Germany Mosaic"" is a time series of Landsat satellite images and vectorized segments covering the entirety of Germany from 1984 to 2023. The image data are divided into TK100 sheet sections (see further details: Blattschnitt der Topographischen Karte 1:100 000). The dataset provides optimized 6-band imagery for each year, representing summer (May to July) and autumn (August to October) seasons, along with vegetation indices such as NDVI (Normalized Difference Vegetation Index) and NirV (Near-Infrared Reflectance of Vegetation) for the same periods. Additionally, vectorized ""zones"" of approximately homogeneous pixels are available for each year. The spectral properties of the image data and the morphological characteristics of these zones are included as vector attributes (see Documentation: ""Mosaic (1984–2023) - Data Description""). An overview of the coverage and quality of all sheet sections is provided as a vector layer titled D-Mosaik_Sheet-Sections within this document.
The Germany Mosaic can also be considered a spatial-temporal Data Cube, enabling advanced analysis and integration into workflows requiring multi-dimensional data. This structure allows users to perform operations such as querying data across specific time periods, analyzing trends over decades, or aggregating spatial information to generate tailored insights for a wide range of research applications.
In mid-latitudes, seasonal variations in vegetation—and consequently in the image data—are typically more pronounced than changes occurring over several years. The temporal segmentation of the dataset has been designed to encompass the entire vegetation period (May to October), with the division into summer and autumn periods capturing seasonal metabolic shifts in natural biotopes. This segmentation also records most agricultural changes, including sowing and harvesting activities. Depending on weather conditions, the individual image data represent either the median, mean value, or the best available image for the specified time period (see Documentation: ""Mosaic (1984–2023) - Data Description).
Remote sensing has become an indispensable tool for environmental research, particularly in landscape analysis. Beyond conventional applications, the Germany Mosaic supports the development of digital twins in environmental system research. By providing detailed spatial and temporal data, this dataset enables the modeling of virtual ecosystems, facilitating simulations, scenario testing, and predictive analyses for sustainable management. Moreover, the spatial and temporal trends captured by remotely sensed parameters complement traditional approaches in biological, ecological, geographical, and epidemiological research.","['ecosystem transitions', 'Germany', 'Image segmentation', 'indicators', 'Landsat 5', 'Landsat 6', 'Landsat 8', 'Landsat 9', 'Landscape pattern', 'Landscape structure', 'NDVI', 'NIRv', 'Vegetation index']",Creative Commons Attribution 4.0 International,285,13,Land Surface,doi:10.1594/PANGAEA.972054,972054,3705,selsam2025sciv
"Satellite Color Images, Vegetation Indices, and Metabolism Indices from Aalen, Germany from 1984 – 2023","The ""Germany Mosaic"" is a time series of Landsat satellite images and vectorized segments covering the entirety of Germany from 1984 to 2023. The image data are divided into TK100 sheet sections (see further details: Blattschnitt der Topographischen Karte 1:100 000). The dataset provides optimized 6-band imagery for each year, representing summer (May to July) and autumn (August to October) seasons, along with vegetation indices such as NDVI (Normalized Difference Vegetation Index) and NirV (Near-Infrared Reflectance of Vegetation) for the same periods. Additionally, vectorized ""zones"" of approximately homogeneous pixels are available for each year. The spectral properties of the image data and the morphological characteristics of these zones are included as vector attributes (see Documentation: ""Mosaic (1984–2023) - Data Description""). An overview of the coverage and quality of all sheet sections is provided as a vector layer titled D-Mosaik_Sheet-Sections within this document.
The Germany Mosaic can also be considered a spatial-temporal Data Cube, enabling advanced analysis and integration into workflows requiring multi-dimensional data. This structure allows users to perform operations such as querying data across specific time periods, analyzing trends over decades, or aggregating spatial information to generate tailored insights for a wide range of research applications.
In mid-latitudes, seasonal variations in vegetation—and consequently in the image data—are typically more pronounced than changes occurring over several years. The temporal segmentation of the dataset has been designed to encompass the entire vegetation period (May to October), with the division into summer and autumn periods capturing seasonal metabolic shifts in natural biotopes. This segmentation also records most agricultural changes, including sowing and harvesting activities. Depending on weather conditions, the individual image data represent either the median, mean value, or the best available image for the specified time period (see Documentation: ""Mosaic (1984–2023) - Data Description).
Remote sensing has become an indispensable tool for environmental research, particularly in landscape analysis. Beyond conventional applications, the Germany Mosaic supports the development of digital twins in environmental system research. By providing detailed spatial and temporal data, this dataset enables the modeling of virtual ecosystems, facilitating simulations, scenario testing, and predictive analyses for sustainable management. Moreover, the spatial and temporal trends captured by remotely sensed parameters complement traditional approaches in biological, ecological, geographical, and epidemiological research.","['ecosystem transitions', 'Germany', 'Image segmentation', 'indicators', 'Landsat 5', 'Landsat 6', 'Landsat 8', 'Landsat 9', 'Landscape pattern', 'Landscape structure', 'NDVI', 'NIRv', 'Vegetation index']",Creative Commons Attribution 4.0 International,288,13,Land Surface,doi:10.1594/PANGAEA.972178,972178,3744,selsam2025sciv
Chlorophyll a  concentrations in second year sea ice during the MOSAiC expedition (PS122) in the Central Arctic Ocean 2019-2020,"Concentrations of Chlorophyll a and phaeopigments from sectioned ice cores taken from second year sea ice  during the MOSAiC (PS122) drift expedition in the central Arctic Ocean. Ice sections were pooled per depth layer, melted in filtered seawater, filtered onto precombusted GF/F filters (nominal pore size 0.7µm) and frozen at -80°C. Samples were subsequently extracted in 90°C acetone, homogenized using a cell mill,  and measured on the following day using a Turner flourometer, followed by an acidification step to determine pheopigments (see Knap et al. 1994 for details and calculations). Details on sampling and processing can be found in Fong et al. 2024.","['Arctic', 'Chl-a', 'MOSAiC20192020', 'MOSAiC_ECO', 'phaeopigments', 'Pigments', 'seaice', 'Sea ice']",Creative Commons Attribution 4.0 International,271,14,Cryosphere,doi:10.1594/PANGAEA.990054,990054,3794,hoppe2026caci
"Spatiotemporal Distribution of Archaeological Sites in Borneo Over the Last 45,000 Years, with Emphasis on the Mid-Late Holocene (Last 6,000 Years) [chronology]","The dataset comprises 73 archaeological and historical sites across Borneo, a valuable resource for researchers interested in regional Bornean human occupation and settlement. It covers a period of 45 ka before the present (BP) to 0 BP (1950 CE), with a specific focus on the last 6 ka BP. The dataset provides detailed information on the location, timing, and duration of human occupation at each site, based on archaeological surveys. This compilation enables the study of resource use and their landscape legacies, making it an indispensable tool for understanding the regional Bornean human occupation and settlement. The archaeological site database was constructed based on a review of published reports and articles (see Perez-Cardenas et al., 2024).  
We reviewed and categorized each record between i) no radiocarbon data, such as U-series and U-Th dating, ii) calibrated radiocarbon, and iii) uncalibrated radiocarbon. Then, calibrated and uncalibrated radiocarbon were recalibrated to 95.4% confidence using the atmospheric curve IntCal20, OxCal 4.4 (Reimer et al., 2020). The dates obtained using Uranium were not calibrated. The lab code used in the original reference is provided for each record. We subset the dataset, obtaining 47 archaeological sites, by selecting sites with records over the last 6 ka BP to extract environmental characteristics. We created a matrix with the time and duration of occupation of archaeological evidence in 100-year intervals from 6 ka BP to 0 BP (1950 CE) for each site.","['Archaeology', 'Excavations', 'Holocene', 'land use', 'Rainforest', 'tropical forest']",Creative Commons Attribution 4.0 International,335,13,Human Dimensions,doi:10.1594/PANGAEA.973041,973041,4355,prezcrdenas2024sdoa
Elemental composition and residual water content of seven thaliacean (salps and pyrosomes) species from the world's oceans,"Ecosystem models often use wet weights to parameterise biota disregarding their water content. This may be especially erroneous for gelatinous plankton, such as salps and pyrosomes, with high, compared to crustaceans, water content. Poorly quantified residual water should also be corrected when using dry weights for parameterisation. We estimated the residual water content (as well as elemental and organic contents) for seven tunicate species, one pyrosome and six salps (N = 107). Specimens were collected during several research expeditions in the Southern Ocean, the Northeast Pacific, east of New Zealand, and around Hawaii between 2004 and 2021. The residual water content of tunicates was analyzed for inter- and intraspecific variability. The H-surplus method (Madin et al. 1981) was applied for the residual water content calculation. The dataset contains information about the life cycle stage (blastozooid versus oozooid), tissue type (tunic versus whole organism), drying method (oven versus freeze-drying), size, and the elemental and organic contents of the samples. The methods and results of the study are described in detail in Lüskow et al. (submitted).","['pyrosome', 'Salpa', 'stoichiometry', 'thaliaceans', 'water of hydration']",Creative Commons Attribution 4.0 International,107,42,Oceans,doi:10.1594/PANGAEA.961147,961147,4494,lskow2024ecar
"Snow density from shallow cores in western Dronning Maud Land, Antarctica , acquired during the Swedish Antarctic Expedition 2021/22","The data were acquired during the austral summer of 2021/22 as part of the Swedish Antarctic Program (SWEDARP) expedition DML21/22. During the expedition we drilled snow cores with a PICO auger at 23 locations around the research stations of Wasa (Sweden) and Aboa (Finland). 2 cores were acquired on the Riiser-Larsen ice shelf. The cores were between approximately 3 and 6 meters deep. Cores were sampled in 5-20 cm segments, mostly, and the segments were bagged and weighed with a precision spring balance. The spring balance was tested for precision and accuracy at the start of the field season. We collected the data as part of an investigation into synthetic aperture radar penetration and scattering.","['Antarctica', 'snow', 'snow density']",Creative Commons Attribution 4.0 International,578,8,Cryosphere,doi:10.1594/PANGAEA.968881,968881,4624,brown2024sdfs
Seawater carbonate chemistry and early development of the oyster Crassostrea gigas,"We investigated the effects of seawater equilibrated with CO2-enriched air (2000 ppm, pH 7.4) on the early development of the mussel Mytilus galloprovincialis. Mussel embryos were incubated for 144 h (6 d) in control and high-CO2 seawater to compare embryogenesis, larval growth and morphology with ordinary light, polarized light, and scanning electron microscopy. Embryogenesis was unaffected by exposure to high-CO2 seawater up to the trochophore stage, but development at the trochophore stage was delayed when the shell began to form. All veliger larvae of the high-CO2 group showed morphological abnormalities such as convex hinge, protrusion of the mantle and malformation of shells. Larval height and length were 26 +- 1.9% and 20 +- 1.1% smaller, respectively, in the high-CO2 group than in the control at 144 h. These results are consistent with our previous findings of CO2 effects on early development of the oyster Crassostrea gigas, although the severity of CO2 damage appears to be less in M. galloprovincialis, possibly due to differing spawning seasons (oyster: summer; mussel: winter). Results from this and the previous study indicate that high CO2 (2000 ppm) interferes with early development, particularly with larval shell synthesis, of bivalves; however, vulnerability to high CO2 differs between species. Taken together with recent studies demonstrating negative impacts of high CO2 on adult mussels and oysters, results imply a future decrease of bivalve populations in the oceans, unless acclimation to the predicted environmental alteration occurs.","['Animalia', 'Bottles or small containers/Aquaria (<20 L)', 'Coast and continental shelf', 'Development', 'Growth/Morphology', 'Laboratory experiment', 'Mollusca', 'Mytilus galloprovincialis', 'North Pacific', 'Ocean acidification', 'Pelagos', 'Single species', 'Temperate', 'Zooplankton']",Creative Commons Attribution 4.0 International,122,49,Biosphere,doi:10.1594/PANGAEA.924558,924558,5978,kurihara2008scca
"Updated paleomagnetic Petermann stack (inclination, declination, relative paleointensity, Virtual Geomagnetic Pole) from Petermann Fjord (Nares Strait, Northern Greenland)","This paleomagnetic stack was built using cores AMD1902-10GC (data available in PANGAEA, Girard et al., 2024), cores OD1507-04GC, OD1507-41GC, OD1507-40TC (data available in MagIc, Reilly et al., 2019). The stack was calculated as follow: Bin widths of 5 cm CED were used to calculate the Fisher mean of the directions  with N the number of cores contributing to the stack for each calculation. The virtual geomagnetic pole (VGP) coordinates were calculated assuming stack declination rotation of 125 degrees +/- 20 degrees.","['Arctic', 'Holocene', 'Marine Sediment Core', 'Paleomagnetism', 'Petermann Fjord']",Creative Commons Attribution 4.0 International,343,18,Geophysics,doi:10.1594/PANGAEA.971851,971851,6174,girard2025upps
Tethered balloon-borne meteorological measurements during the Arctic field campaign AO2018 (Balloon_20180818_1109_1139),"The tethered balloon system BELUGA (Balloon-bornE moduLar Utility for profilinG the lower Atmosphere) was operated from an ice floe next to IB ODEN (around 89°37.0' N , 40°46.5'E). The measurements were taken during the AO2018 (Arctic Ocean) - MOCCHA (Microbiology-Ocean-Cloud Coupling in the High Arctic) campaign on 14 days in the period 18 August to 13 September 2018. For this campaign, a 9 m³ helium filled balloon with modular instrumentation was used. This dataset contains standard meteorological data based on a GRAW DFM-09 radiosonde with additional wind speed measurements by a Pitot-static probe.","['ABL', 'AO2018(MOCCHA)', 'High Arctic', 'radiation', 'Tethered balloon', 'turbulence', 'vertical profiles']",Creative Commons Attribution 4.0 International,1801,10,Atmosphere,doi:10.1594/PANGAEA.927062,927062,18010,gottschalk2021tbmm
"Daily meteorological data from automatic weather station Puchalski, King George Island, during 2018-2023","Presented dataset contains meteorological data from Puchalski automatic weather station located at 55 m a.s.l. at western shore of Admiralty Bay (King George Island, West Antarctica) during 2018.01.01 – 2023.12.31. The dataset contains daily mean, maximum and minimum values of air temperature [°C], relative air humidity [%], wind speed [m/s] and daily sum of solar radiation [MJ/m2]. Mean values of air temperature and humidity and wind speed were calculated from measurements taken every 10 minutes. Non-processed data were used for identification of extreme values. Daily sum of solar radiation were calculated from solar radiation intensity measured every 10 minutes. Automatic weather station has a data logger manufactured by Campbell with following sensors: Vaisala temperature and humidity probe, Setra barometer, Gill Wind Sonic anemometer and Apogee pyranometer. Presented data may serve as a background for other research projects conducted at King George Island as well as an analyse of meteorological conditions itself. They could also be useful in evaluation of management plans of Antarctic Special Protected Areas located at King George Island.","['automatic weather station', 'meteorology of polar regions', 'South Shetland Islands', 'West Antarctica']",Creative Commons Attribution 4.0 International,2191,17,Atmosphere,doi:10.1594/PANGAEA.969067,969067,37247,plenzler2024dmdf
A compilation of published pyrite sulfur isotopic compositions from the past 165 million years,"This dataset contains a compilation of the sulfur isotopic composition of pyrite from outcrop and sediment cores over the past 165 million years. The compilation includes 3754 data points from 94 publications, compiled in 2020, 2021, and 2023. The data was collected in order to investigate the relationship between the sulfur isotopic composition of pyrite and depositional environment over the Cenozoic and Late Mesozoic, and has global spatial coverage. Compiled sediment core data includes the sulfur isotopic composition of pyrite, age, water depth, location, methane content, lithology, and total organic carbon. Compiled outcrop data includes the sulfur isotopic composition of pyrite, age, generalized water depth based on sedimentological criteria, and lithology.","['AGE', 'Depth', 'Lithology', 'Methane', 'pyrite', 'sedimentation rate', 'Sulfur isotopes']",Creative Commons Attribution 4.0 International,3754,20,Geophysics,doi:10.1594/PANGAEA.972993,972993,75080,spruzen2024acop
Continuous surface water vapour isotope monitoring at Neumayer Station III (201702-201901),"This dataset presents the first fully continuous monitoring of water vapour isotopic composition at Neumayer Station III, Antarctica, for two years, from February 2017 to January 2019. In January 2017, a PICARRO L2140-i cavity ring-down spectroscopy analyser was installed in a laboratory room at Neumayer Station. The Picarro analyser runs continuously and measures the injected water vapour content and its isotopic composition approximately every two seconds. For our analyses, the data are reported as hourly mean values.","['Antarctica', 'Continuous isotope monitoring', 'Paleoclimate', 'water stable isotopes', 'water vapour']",Creative Commons Attribution 4.0 International,17133,18,Atmosphere,doi:10.1594/PANGAEA.939047,939047,308394,bagheridastgerdi2021cswv
Aerosol size distribution between 90 and 5000 nm at Neumayer III station during the year 2018,The aerosol size distribution between 90 and 5000 nm was measured by a Laser Aerosol Spectrometer (LAS 3340) at Neumayer III station during the year 2018,"['aerosol', 'Antarctica', 'size distribution', 'Spuso']",Creative Commons Attribution 4.0 International,8518,72,Atmosphere,doi:10.1594/PANGAEA.913861,913861,613296,weller2020asdb
Aerosol size distribution between 90 and 5000 nm at Neumayer III station during the year 2019,The aerosol size distribution between 90 and 5000 nm was measured by a Laser Aerosol Spectrometer (LAS 3340) at Neumayer III station during the year 2019.,"['aerosol', 'Antarctica', 'Neumayer Station', 'size distribution', 'Spuso']",Creative Commons Attribution 4.0 International,8754,72,Atmosphere,doi:10.1594/PANGAEA.913868,913868,630288,weller2020asdb
